<graph width="800" height="400" caption="Zoomable Area Chart" zoom="1">
    <labels>
        <set label="1930"/>
        <set label="1931"/>
        <set label="1932"/>
        <set label="1933"/>
        <set label="1934"/>
        <set label="1935"/>
        <set label="1936"/>
        <set label="1937"/>
        <set label="1938"/>
        <set label="1939"/>
        <set label="1940"/>
        <set label="1941"/>
        <set label="1942"/>
        <set label="1943"/>
        <set label="1944"/>
        <set label="1945"/>
        <set label="1946"/>
        <set label="1947"/>
        <set label="1948"/>
        <set label="1949"/>
        <set label="1950"/>
        <set label="1951"/>
        <set label="1952"/>
        <set label="1953"/>
        <set label="1954"/>
        <set label="1955"/>
        <set label="1956"/>
        <set label="1957"/>
        <set label="1958"/>
        <set label="1959"/>
        <set label="1960"/>
        <set label="1961"/>
        <set label="1962"/>
        <set label="1963"/>
        <set label="1964"/>
        <set label="1965"/>
        <set label="1966"/>
        <set label="1967"/>
        <set label="1968"/>
        <set label="1969"/>
        <set label="1970"/>
        <set label="1971"/>
        <set label="1972"/>
        <set label="1973"/>
        <set label="1974"/>
        <set label="1975"/>
        <set label="1976"/>
        <set label="1977"/>
        <set label="1978"/>
        <set label="1979"/>
        <set label="1980"/>
        <set label="1981"/>
        <set label="1982"/>
        <set label="1983"/>
        <set label="1984"/>
        <set label="1985"/>
        <set label="1986"/>
        <set label="1987"/>
        <set label="1988"/>
        <set label="1989"/>
        <set label="1990"/>
        <set label="1991"/>
        <set label="1992"/>
        <set label="1993"/>
        <set label="1994"/>
        <set label="1995"/>
        <set label="1996"/>
        <set label="1997"/>
        <set label="1998"/>
        <set label="1999"/>
        <set label="2000"/>
        <set label="2001"/>
        <set label="2002"/>
        <set label="2003"/>
        <set label="2004"/>
        <set label="2005"/>
        <set label="2006"/>
        <set label="2007"/>
        <set label="2008"/>
        <set label="2009"/>
        <set label="2010"/>
        <set label="2011"/>
    </labels>   
    <chart type="AreaChart" isSpline="1">
        <series name="Company 1">
            <set value="578"/>
            <set value="575"/>
            <set value="523"/>
            <set value="682"/>
            <set value="995"/>
            <set value="914"/>
            <set value="932"/>
            <set value="823"/>
            <set value="853"/>
            <set value="739"/>
            <set value="642"/>
            <set value="947"/>
            <set value="902"/>
            <set value="1023"/>
            <set value="1213"/>
            <set value="1034"/>
            <set value="1210"/>
            <set value="912"/>
            <set value="1012"/>
            <set value="1139"/>
            <set value="1215"/>
            <set value="1051"/>
            <set value="952"/>
            <set value="908"/>
            <set value="996"/>
            <set value="1024"/>
            <set value="1095"/>
            <set value="1104"/>
            <set value="1154"/>
            <set value="1194"/>
            <set value="1203"/>
            <set value="1280"/>
            <set value="1301"/>
            <set value="1000"/>
            <set value="938"/>
            <set value="970"/>
            <set value="1503"/>
            <set value="1429"/>
            <set value="1299"/>
            <set value="1280"/>
            <set value="1300"/>
            <set value="1354"/>
            <set value="1234"/>
            <set value="1103"/>
            <set value="934"/>
            <set value="678"/>
            <set value="630"/>
            <set value="549"/>
            <set value="743"/>
            <set value="683"/>
            <set value="525"/>
            <set value="529"/>
            <set value="619"/>
            <set value="602"/>
            <set value="812"/>
            <set value="503"/>
            <set value="799"/>
            <set value="923"/>
            <set value="1252"/>
            <set value="1023"/>
            <set value="1642"/>
            <set value="1645"/>
            <set value="1534"/>
            <set value="932"/>
            <set value="1034"/>
            <set value="1154"/>
            <set value="1432"/>
            <set value="1219"/>
            <set value="621"/>
            <set value="341"/>
            <set value="252"/>
            <set value="531"/>
            <set value="322"/>
            <set value="423"/>
            <set value="492"/>
            <set value="735"/>
            <set value="826"/>
            <set value="627"/>
            <set value="728"/>
            <set value="529"/>
            <set value="623"/>
            <set value="958"/>
        </series>
    </chart>
</graph>