<graph width="800" height="400" caption="Area Chart">
    <labels>
        <set label="Jan"/>
        <set label="Feb"/>
        <set label="Mar"/>
        <set label="Apr"/>
        <set label="May"/>
        <set label="Jun"/>
        <set label="Jul"/>
        <set label="Aug"/>
        <set label="Sep"/>
        <set label="Oct"/>
        <set label="Nov"/>
        <set label="Dec"/>
    </labels>
    <chart type="AreaChart">
        <series name="Company 1">
            <set value="23"/>
            <set value="36"/>
            <set value="39"/>
            <set value="42"/>
            <set value="41"/>
            <set value="35"/>
            <set value="29"/>
            <set value="22"/>            
            <set value="16"/>
            <set value="14"/>
            <set value="10"/>
            <set value="8"/>
        </series>
        <series name="Company 2">
            <set value="13"/>
            <set value="15"/>
            <set value="16"/>
            <set value="19"/>
            <set value="20"/>
            <set value="26"/>
            <set value="32"/>
            <set value="37"/>            
            <set value="40"/>
            <set value="44"/>
            <set value="47"/>
            <set value="43"/>
        </series>
    </chart>
</graph>