<graph width="800" height="400" caption="Area Chart with negative values" xAxisName="Months">
    <labels>
        <set label="Jan"/>
        <set label="Feb"/>
        <set label="Mar"/>
        <set label="Apr"/>
        <set label="May"/>
        <set label="Jun"/>
        <set label="Jul"/>
        <set label="Aug"/>
        <set label="Sep"/>
        <set label="Oct"/>
        <set label="Nov"/>
        <set label="Dec"/>
    </labels>   
    <chart type="AreaChart">
        <series name="Company 1">
            <set value="42"/>
            <set value="35"/>
            <set value="30"/>
            <set value="35"/>
            <set value="35"/>
            <set value="35"/>
            <set value="42"/>
            <set value="47"/>            
            <set value="50"/>
            <set value="54"/>
            <set value="57"/>
            <set value="53"/>
        </series>
        <series name="Company 2">
            <set value="33"/>
            <set value="46"/>
            <set value="40"/>
            <set value="29"/>
            <set value="-15"/>
            <set value="-24"/>
            <set value="-30.3"/>
            <set value="-29.3"/>
            <set value="-33"/>
            <set value="-38"/>
            <set value="-38"/>
            <set value="-45"/>
        </series>
        <series name="Company 3">
            <set value="-35"/>
            <set value="-44"/>
            <set value="-40"/>
            <set value="-28"/>
            <set value="-27"/>
            <set value="-5"/>
            <set value="5"/>
            <set value="15"/>
            <set value="20"/>
            <set value="30"/>
            <set value="25"/>
            <set value="33"/>
        </series>
    </chart>
</graph>